Product Name,Product Brand Name,Product Price,Category,Thumbnail URLs,Product Description,Detailed Image URLs
로지 16K 튼튼한 고급형 투명 자동 장우산,ROJI,"9,990원",여성패션|가방/잡화|우산/양산/우비|우산,https://thumbnail10.coupangcdn.com/thumbnails/remote/48x48ex/image/vendor_inventory/c005/0ea20e304e803ce5f95cbdc4f45c40ef8dcfb16b9aa2b7c0e8c6e4fe285f.jpg|https://thumbnail8.coupangcdn.com/thumbnails/remote/48x48ex/image/vendor_inventory/b606/47de1306e1cd61a068f20836c857a309d022704d7b734c12efff2e37e1dc.jpg|https://thumbnail6.coupangcdn.com/thumbnails/remote/48x48ex/image/vendor_inventory/5776/5b157e82edad366149ddf222f239bbdf7cd7cdd0fe7bbc55d76bc8fb7e93.jpg|https://thumbnail6.coupangcdn.com/thumbnails/remote/48x48ex/image/vendor_inventory/a585/2ba94ebe12ae724508679ee6c250073feb87ee5348686545298980e21fe9.jpg,"색상계열: 블랙계열
종류: 1단(장우산)
사용 대상: 공용
사용대상 구분: 남녀공용
패턴/프린트: 단색(무지)
쿠팡상품번호: 7538756341 - 19812512507",https://thumbnail8.coupangcdn.com/thumbnails/remote/q89/image/vendor_inventory/80f9/1b1577ca34e5220ca335027acaa1c54966635edbbed31db9f9fe5c302ba5.jpg|https://thumbnail7.coupangcdn.com/thumbnails/remote/q89/image/vendor_inventory/5f64/fc0c79979f6bd7cb92584773ef1071c80e4fd7328a0b73888adf6c7fe3f4.jpg|https://thumbnail10.coupangcdn.com/thumbnails/remote/q89/image/vendor_inventory/5574/f92424d74d6916f932e5282f24d2068a72b62c7b60afdbe2df62978c255b.jpg|https://thumbnail9.coupangcdn.com/thumbnails/remote/q89/image/vendor_inventory/e248/268dcf3dc12954b8ad28154768111d36640461931c62e4e7279746c6581c.jpg|https://thumbnail6.coupangcdn.com/thumbnails/remote/q89/image/vendor_inventory/c39c/bfcb180fb2825392cf4d94738058fad8fca0f04743edea955d8ce8e142e1.jpg
이지레그 여성용 목이 긴 장목 양말 5켤레,이지레그,"9,900원",여성패션|가방/잡화|양말/스타킹|양말,https://thumbnail10.coupangcdn.com/thumbnails/remote/48x48ex/image/retail/images/467736631816701-5cc2f9a8-b006-411c-9add-df20c2547ebe.jpg|https://thumbnail9.coupangcdn.com/thumbnails/remote/48x48ex/image/retail/images/2442686187497068-855b2910-d7f7-49fe-9d0d-c5cfe053f2c9.png|https://thumbnail7.coupangcdn.com/thumbnails/remote/48x48ex/image/retail/images/2880848779634622-060d8eee-0887-4548-8756-884c85fa0413.png|https://thumbnail8.coupangcdn.com/thumbnails/remote/48x48ex/image/retail/images/2021/09/06/12/3/f29e6c03-5c63-4671-9086-addda8db7e30.jpg|https://thumbnail8.coupangcdn.com/thumbnails/remote/48x48ex/image/retail/images/2439689565968932-0011e1c3-01ba-43a0-8d97-7f6035382821.png|https://thumbnail10.coupangcdn.com/thumbnails/remote/48x48ex/image/retail/images/467736631816701-5cc2f9a8-b006-411c-9add-df20c2547ebe.jpg|https://thumbnail10.coupangcdn.com/thumbnails/remote/48x48ex/image/retail/images/978735167302010-ed7cd54e-be8c-415a-b82b-dbc5207fc8a0.jpg,"색상계열: 블랙계열
소재: 면(아사)/캔버스
패턴/프린트: 단색(무지)
용도: 일반
사용대상 구분: 여성용
쿠팡상품번호: 6069749908 - 11200559304",https://thumbnail8.coupangcdn.com/thumbnails/remote/q89/image/retail/images/577584389299234-fb4cc46b-bf6f-4512-9ea6-5fc6be5ab46a.jpg|https://thumbnail9.coupangcdn.com/thumbnails/remote/q89/image/retail/images/5218410688504226-c8a657cb-ddda-4999-a644-d568e9419499.jpg
"에티에르 본능 오 드 퍼퓸 2p, 50ml, 2개",에티에르,"38,400원",뷰티|향수|남성향수,https://thumbnail9.coupangcdn.com/thumbnails/remote/48x48ex/image/retail/images/3539332835564706-26756599-ad17-4349-9f85-b6966708ae31.jpg|https://thumbnail7.coupangcdn.com/thumbnails/remote/48x48ex/image/retail/images/1419295869359629-717dcee9-963a-4006-9d73-3a156bae3d7c.PNG|https://thumbnail6.coupangcdn.com/thumbnails/remote/48x48ex/image/retail/images/1419295884658622-f892f00a-c89f-46be-b5fa-114bd36847d2.PNG|https://thumbnail8.coupangcdn.com/thumbnails/remote/48x48ex/image/retail/images/681021567712362-5566f45d-bca4-498d-be7c-71ec405bae90.PNG|https://thumbnail8.coupangcdn.com/thumbnails/remote/48x48ex/image/retail/images/1173692501627493-bc4ca30b-c549-410a-b4ac-cd017c0a794d.PNG|https://thumbnail10.coupangcdn.com/thumbnails/remote/48x48ex/image/retail/images/122575602128199-cf291b32-f821-4bc7-a245-dfaf60784fd7.PNG|https://thumbnail8.coupangcdn.com/thumbnails/remote/48x48ex/image/retail/images/842821962012420-b8793d1b-6f39-4cc4-a6b8-674df53f62b1.PNG,"유통기한 (사용기한 표시의무 대상 상품은 사용기한): 2025-09-20 이거나 그 이후인 상품
농도: 오드퍼퓸
쿠팡상품번호: 5891374710 - 16238690434",https://thumbnail7.coupangcdn.com/thumbnails/remote/q89/image/retail/images/6258423144950225-fe73b2a7-49e5-4165-9884-a0d41996592a.jpg|https://thumbnail6.coupangcdn.com/thumbnails/remote/q89/image/retail/images/2022/10/11/12/1/b2b955fa-d505-432f-8c0b-71c7b748bffd.jpg|https://thumbnail9.coupangcdn.com/thumbnails/remote/q89/image/retail/images/2022/10/11/12/2/7d8d30b0-2418-4d50-a31b-124d5daf8dfb.jpg|https://thumbnail7.coupangcdn.com/thumbnails/remote/q89/image/retail/images/2022/10/11/12/0/ace7cfc0-6b1d-4fc3-a386-ddc06d1058ca.jpg|https://thumbnail10.coupangcdn.com/thumbnails/remote/q89/image/retail/images/2022/10/11/12/0/3478938e-2c52-4f3b-a97d-81785c58329c.jpg|https://thumbnail7.coupangcdn.com/thumbnails/remote/q89/image/retail/images/2022/10/11/12/6/10a91ecd-17fb-41a6-a33d-2922f411bb78.jpg|https://thumbnail7.coupangcdn.com/thumbnails/remote/q89/image/retail/images/2022/10/11/12/4/d8619b8b-c503-4fed-a687-06ecc5a6dfa6.jpg
케이트 립 몬스터,케이트,"19,920원",뷰티|메이크업|립 메이크업|립스틱,https://thumbnail9.coupangcdn.com/thumbnails/remote/48x48ex/image/retail/images/30028128848179-bd37dbe8-eaec-482c-aeed-3175c90a7401.jpg|https://thumbnail10.coupangcdn.com/thumbnails/remote/48x48ex/image/retail/images/2023/07/31/14/4/6edc7c50-3791-41a0-a890-768f7102d80f.jpg|https://thumbnail10.coupangcdn.com/thumbnails/remote/48x48ex/image/retail/images/2023/07/31/14/6/d761391b-43d5-494d-a476-7d1276ba043e.jpg|https://thumbnail10.coupangcdn.com/thumbnails/remote/48x48ex/image/retail/images/118961822528959-4270e89d-9d83-4171-ad31-629351be73b1.jpg|https://thumbnail6.coupangcdn.com/thumbnails/remote/48x48ex/image/retail/images/116785061362005-9190b106-72b7-46c7-8b4b-9ddba6903b0a.jpg|https://thumbnail10.coupangcdn.com/thumbnails/remote/48x48ex/image/retail/images/118961821867961-8fa8f0d3-422c-41b5-b036-ef64396f46b1.jpg|https://thumbnail6.coupangcdn.com/thumbnails/remote/48x48ex/image/retail/images/116785062155360-9d2f714a-c9a9-446b-8831-5ad0fc3e93c1.jpg|https://thumbnail9.coupangcdn.com/thumbnails/remote/48x48ex/image/retail/images/30206826586972-1a04a54b-2119-4ffe-bcc4-714a830ad1c3.jpg|https://thumbnail8.coupangcdn.com/thumbnails/remote/48x48ex/image/retail/images/116785051995198-18b20275-61ea-4312-939e-2f2c7e00c7eb.jpg|https://thumbnail9.coupangcdn.com/thumbnails/remote/48x48ex/image/retail/images/118961777718671-a25733aa-9893-4ede-9dfc-bcf7c16a6a16.jpg,"유통기한 (사용기한 표시의무 대상 상품은 사용기한): 2025-06-09 이거나 그 이후인 상품
색상계열: 핑크계열
쿠팡상품번호: 7185725748 - 18131895617",https://thumbnail8.coupangcdn.com/thumbnails/remote/q89/image/retail/images/2023/07/31/14/1/c4bc1109-8fc5-47e5-837e-e02742fdd55b.jpg|https://thumbnail10.coupangcdn.com/thumbnails/remote/q89/image/retail/images/2023/07/31/14/8/5e5aa162-b49b-4d2f-a411-fc5803665860.jpg
"코멧 오리지널 플러스 아기물티슈, 120매, 20팩",코멧,"22,870원",출산/유아동|출산준비물/선물|위생/건강용품|물티슈/건티슈,https://thumbnail10.coupangcdn.com/thumbnails/remote/48x48ex/image/retail/images/2732dc32-31dc-4eda-8830-e92b2a4c0d091832448539895782578.png|https://thumbnail7.coupangcdn.com/thumbnails/remote/48x48ex/image/retail/images/3237230057182313-da2912bd-2ffd-45c5-abeb-0382a9de84ac.jpg|https://thumbnail6.coupangcdn.com/thumbnails/remote/48x48ex/image/retail/images/1317150946709251-e02eef35-320c-468d-81bb-1e2eaf75b899.jpg|https://thumbnail8.coupangcdn.com/thumbnails/remote/48x48ex/image/retail/images/2620324797518248-9148f18a-d6cb-458b-beb8-5a353f18c4b5.jpg|https://thumbnail7.coupangcdn.com/thumbnails/remote/48x48ex/image/retail/images/1317150926924117-8bc65192-f80b-4a78-ad3a-0c42e1aeb1f6.jpg|https://thumbnail8.coupangcdn.com/thumbnails/remote/48x48ex/image/retail/images/2620325008496193-fcd303a3-3184-4cc0-ba62-5959883d6799.jpg|https://thumbnail6.coupangcdn.com/thumbnails/remote/48x48ex/image/retail/images/2620692929890137-cf3ffed6-81b4-465d-8ed1-65432384f9fc.jpg|https://thumbnail9.coupangcdn.com/thumbnails/remote/48x48ex/image/retail/images/2620324861588581-b32d4bf1-167a-4221-a2e6-6efe97edc35c.jpg|https://thumbnail8.coupangcdn.com/thumbnails/remote/48x48ex/image/retail/images/3237229986811194-486987d2-4265-40a1-9358-7567e3ec99a9.jpg,"유통기한 (사용기한 표시의무 대상 상품은 사용기한): 2024-11-01 이거나 그 이후인 상품
제조국: 대한민국
쿠팡상품번호: 6809861982 - 19421953413",https://thumbnail10.coupangcdn.com/thumbnails/remote/q89/image/retail/images/823115861396188-5287def5-7b00-4ece-8bb9-844fd89340e7.jpg
"아브카 베이비 앤 키즈 저자극 무기자차 선크림 SPF50+ PA++++, 35ml, 2개",아브카,"11,900원",출산/유아동|욕실용품/스킨케어|선케어/야외활동케어|유아 선크림,https://thumbnail7.coupangcdn.com/thumbnails/remote/48x48ex/image/retail/images/2023/06/08/15/2/bdd38760-9c24-4b14-bc30-75f0b3e45598.jpg|https://thumbnail6.coupangcdn.com/thumbnails/remote/48x48ex/image/rs_quotation_api/5daplpj7/0b2ae258a3464f5caade0a794329d564.jpg|https://thumbnail10.coupangcdn.com/thumbnails/remote/48x48ex/image/rs_quotation_api/lloozdd2/149e2518b9644aa2ba8af0d4052522ba.jpg|https://thumbnail10.coupangcdn.com/thumbnails/remote/48x48ex/image/rs_quotation_api/lcuopl3c/431f079e91c54a2494e127f1bdd63499.jpg|https://thumbnail8.coupangcdn.com/thumbnails/remote/48x48ex/image/rs_quotation_api/bk8c8mx0/43695a74b9b74bf8984b4a97d93b690b.jpg|https://thumbnail9.coupangcdn.com/thumbnails/remote/48x48ex/image/rs_quotation_api/ypyxdffe/8164690afdd942258812d26f0a2267be.jpg|https://thumbnail7.coupangcdn.com/thumbnails/remote/48x48ex/image/rs_quotation_api/iiu7i2es/e6fb2ead7e334ea48e571ea0cdd72330.jpg|https://thumbnail6.coupangcdn.com/thumbnails/remote/48x48ex/image/rs_quotation_api/jalydvfd/dc8e596dd7434b4886580ebee940364b.jpg|https://thumbnail8.coupangcdn.com/thumbnails/remote/48x48ex/image/rs_quotation_api/wrzizwyk/ae728a86e67d4f0c98062c0a82fbbd2a.jpg,"유통기한 (사용기한 표시의무 대상 상품은 사용기한): 2025-07-26 이거나 그 이후인 상품
제조국: 대한민국
선크림 용도: 모든부위
워터프루프 여부: 워터프루프
SPF: SPF50+
쿠팡상품번호: 7346897483 - 18896657449",https://thumbnail10.coupangcdn.com/thumbnails/remote/q89/image/retail/images/2023/06/08/15/0/c7afb54f-52a5-4f1e-9ca2-bdad64edd45f.jpg
"탐사수 무라벨, 2L, 24개",탐사,"12,690원",식품|곤약/방탄커피 외|생수/음료|생수|국산생수,https://thumbnail9.coupangcdn.com/thumbnails/remote/48x48ex/image/retail/images/7609662521933713-0d7870de-5716-43c5-a3f5-22f7a34f3a43.jpg|https://thumbnail10.coupangcdn.com/thumbnails/remote/48x48ex/image/retail/images/8490550364860741-f6cc5f1e-9aa4-43b4-bedc-0419695aa407.crdownload|https://thumbnail10.coupangcdn.com/thumbnails/remote/48x48ex/image/retail/images/9201698317662373-53a164f5-12a0-42f2-af7d-3b0fca49b6b7.crdownload|https://thumbnail7.coupangcdn.com/thumbnails/remote/48x48ex/image/retail/images/9201899243094890-946a45a8-ddfe-4b3c-8e16-e36e95b65597.crdownload|https://thumbnail8.coupangcdn.com/thumbnails/remote/48x48ex/image/retail/images/9201899269504479-426520dc-c476-4e2c-925e-5075fb27888c.crdownload|https://thumbnail9.coupangcdn.com/thumbnails/remote/48x48ex/image/retail/images/184100392672551-3d8b4a34-3289-4c40-be03-220901d46477.crdownload,"소비기한(또는 유통기한): 2024-06-21 이거나 그 이후인 상품
용기 타입: 플라스틱병
라벨 유무: 무라벨
쿠팡상품번호: 5625704601 - 11696984031",https://thumbnail7.coupangcdn.com/thumbnails/remote/q89/image/retail/images/650013422944356-ab904594-c432-4aac-93df-9e153f78afa7.jpg
"모아미트 캐나다산 보리먹인 암퇘지 삼겹살 구이용 (냉장), 1kg, 1개",모아미트,"17,990원",식품|곤약/방탄커피 외|축산/계란|돼지고기|삼겹살,https://thumbnail6.coupangcdn.com/thumbnails/remote/48x48ex/image/retail/images/2972564234766335-9e8e8bfa-72c0-462e-a0d2-510117293ac4.jpg|https://thumbnail6.coupangcdn.com/thumbnails/remote/48x48ex/image/retail/images/11876170402442068-ff4bb201-cb9c-4f7a-927c-32ab40b8c688.png|https://thumbnail10.coupangcdn.com/thumbnails/remote/48x48ex/image/retail/images/11164825460279379-4107e4c2-8389-44fb-9db2-4bc1219fe9ba.jpg|https://thumbnail9.coupangcdn.com/thumbnails/remote/48x48ex/image/retail/images/2972583562317257-cc3ebd01-df03-40f6-9378-746581020863.jpg|https://thumbnail8.coupangcdn.com/thumbnails/remote/48x48ex/image/retail/images/2974540526009685-94f29621-e9cc-4b5b-bed6-ff5664511b8d.jpg|https://thumbnail6.coupangcdn.com/thumbnails/remote/48x48ex/image/retail/images/2974540498867549-1de8e5c5-e83c-4401-a31c-3adb18b926be.jpg,"소비기한(또는 유통기한): 2024-04-10 이거나 그 이후인 상품
개당 중량: 1kg
용도: 구이용
보관방법: 냉장보관
총 중량: 1kg
쿠팡상품번호: 213797578 - 649012177",https://thumbnail6.coupangcdn.com/thumbnails/remote/q89/image/retail/images/11876118224072840-16d065f2-dd9c-4caf-bee7-eac894d84ace.png|https://thumbnail10.coupangcdn.com/thumbnails/remote/q89/image/retail/images/11325857501165247-cbcc6e1e-09f3-41cc-9844-bf982798aaa9.jpg|https://thumbnail10.coupangcdn.com/thumbnails/remote/q89/image/retail/images/2972603084605665-9bc3d90d-b5b5-495c-8d50-8a03b3b953bd.jpg|https://thumbnail10.coupangcdn.com/thumbnails/remote/q89/image/retail/images/4277898944553250-efb1ef63-318d-47ab-89fa-e1c199a881ad.jpg|https://thumbnail8.coupangcdn.com/thumbnails/remote/q89/image/retail/images/4276114031363156-65810d15-04e6-47b9-924b-2639f8f6faec.jpg|https://thumbnail7.coupangcdn.com/thumbnails/remote/q89/image/retail/images/112506825093547-1b4c652f-f30b-4618-9409-8607cce8648b.jpg
키친아트 뉴본다이아몬드 3종세트,키친아트,"27,400원",주방용품|냄비/프라이팬|냄비/프라이팬세트|프라이팬세트,https://thumbnail10.coupangcdn.com/thumbnails/remote/48x48ex/image/product/image/vendoritem/2019/02/19/3035124610/f7bdc340-83be-4ed1-a5a3-aff4c38470b3.jpg|https://thumbnail9.coupangcdn.com/thumbnails/remote/48x48ex/image/product/image/vendoritem/2017/09/21/3035124610/5da12875-ab90-4777-85be-571a714401b4.jpg|https://thumbnail6.coupangcdn.com/thumbnails/remote/48x48ex/image/product/image/vendoritem/2017/09/21/3035124610/f81a4367-5b25-4d65-8c9c-e02cc1cd08ad.jpg|https://thumbnail10.coupangcdn.com/thumbnails/remote/48x48ex/image/product/image/vendoritem/2017/09/21/3035124610/4e2c249f-2f74-43a2-9dbb-952ea3e2a05d.jpg|https://thumbnail7.coupangcdn.com/thumbnails/remote/48x48ex/image/product/image/vendoritem/2017/09/21/3035124610/fd42afad-c69e-4111-9c79-a716078ddc89.jpg|https://thumbnail10.coupangcdn.com/thumbnails/remote/48x48ex/image/product/image/vendoritem/2017/09/21/3035124610/6eec311a-6941-4daf-b1a4-5829fec9451c.jpg|https://thumbnail6.coupangcdn.com/thumbnails/remote/48x48ex/image/product/image/vendoritem/2017/09/21/3035124610/e8e3eb99-8ca0-4884-990e-a42ef9d99291.jpg|https://thumbnail9.coupangcdn.com/thumbnails/remote/48x48ex/image/product/image/vendoritem/2017/09/21/3035124610/183522e7-2cd2-4a71-96c6-14aec400a273.jpg|https://thumbnail9.coupangcdn.com/thumbnails/remote/48x48ex/image/product/image/vendoritem/2017/09/21/3035124610/2c18acc7-b39a-458e-a00b-24d26b26333a.jpg|https://thumbnail10.coupangcdn.com/thumbnails/remote/48x48ex/image/product/image/vendoritem/2017/09/21/3035124610/d382da1c-d877-49de-bf3f-961e17b38046.jpg,"뚜껑포함 여부: 뚜껑포함
구성품개수: 3개
수량: 3개
지름: 28cm
재질: 알루미늄,스테인레스 스틸,베이크라이트
쿠팡상품번호: 5267573 - 23882768",https://thumbnail6.coupangcdn.com/thumbnails/remote/q89/image/product/content/vendorItem/2016/11/15/23882768/3ce6fc99-d44c-453b-84bb-a790e87f092c.jpg|https://thumbnail8.coupangcdn.com/thumbnails/remote/q89/image/product/content/vendorItem/2016/11/15/23882768/bc17f3f5-460c-443a-9b16-491c2bd77fd6.jpg|https://thumbnail6.coupangcdn.com/thumbnails/remote/q89/image/product/content/vendorItem/2016/11/15/23882768/3fa0f8b1-0387-4b9c-8b13-e6c6f1ea99b5.jpg|https://thumbnail8.coupangcdn.com/thumbnails/remote/q89/image/product/content/vendorItem/2016/11/15/23882768/df78c843-9cbf-4017-b1e1-bcc23e22773d.jpg
"탐사 일회용 앞치마, 화이트, 400매",코멧,"29,760원",생활용품|주방수납/잡화|주방잡화|앞치마/머리수건|앞치마,https://thumbnail7.coupangcdn.com/thumbnails/remote/48x48ex/image/retail/images/816798224931275-8c22e3f3-475c-4be7-8588-91dc6c9f362a.jpg|https://thumbnail8.coupangcdn.com/thumbnails/remote/48x48ex/image/retail/images/9534692292188384-5fa7f60c-e1c9-4a2d-9d34-9a2157c5b17a.jpg|https://thumbnail10.coupangcdn.com/thumbnails/remote/48x48ex/image/retail/images/8569011849861253-af871db7-11eb-4c8c-a441-b089c8f5a1b1.jpg|https://thumbnail9.coupangcdn.com/thumbnails/remote/48x48ex/image/retail/images/9179975197028000-78a3a279-bd8b-4287-b052-aae540c862af.jpg|https://thumbnail7.coupangcdn.com/thumbnails/remote/48x48ex/image/retail/images/8564297182853627-a3c10aac-a93d-45ee-adee-8e95e6bf5612.jpg|https://thumbnail8.coupangcdn.com/thumbnails/remote/48x48ex/image/retail/images/9181529171900425-123513dc-9f5d-4c70-afb4-db675f63441c.jpg|https://thumbnail6.coupangcdn.com/thumbnails/remote/48x48ex/image/retail/images/9181529273412309-a8a045bb-f50c-4f4d-8698-44141c3cb783.jpg|https://thumbnail9.coupangcdn.com/thumbnails/remote/48x48ex/image/retail/images/8569012192854256-cf40cfae-75be-45d4-bedc-875dc927dc97.png,"색상계열: 화이트계열
쿠팡상품번호: 6804782981 - 16078194252",https://thumbnail7.coupangcdn.com/thumbnails/remote/q89/image/retail/images/186507207900172-c348b577-e9ff-4f56-8b2c-ba52867fdc36.jpg|https://thumbnail6.coupangcdn.com/thumbnails/remote/q89/image/retail/images/186508570912948-7976b89b-4311-43ea-9f76-fb3219092c55.jpg|https://thumbnail6.coupangcdn.com/thumbnails/remote/q89/image/retail/images/186508389654191-759175b4-00c4-4bf0-b4f5-96695b3fbba5.jpg|https://thumbnail7.coupangcdn.com/thumbnails/remote/q89/image/retail/images/182802605850095-1912d630-3edb-4c17-ad5f-7514c8c22210.jpg|https://thumbnail10.coupangcdn.com/thumbnails/remote/q89/image/retail/images/1141373376984125-9d2feeb5-e20b-4bb3-aeb5-49d30edb9f5f.jpg
"닥터방기원 나노 버블 마일드 클렌징 폼, 500ml, 1개",닥터방기원,"12,780원",뷰티|클렌징/필링|클렌징 폼,https://thumbnail7.coupangcdn.com/thumbnails/remote/48x48ex/image/retail/images/756105173395049-2ef210b4-656f-4458-bb90-d874e2a0b3f7.jpg|https://thumbnail6.coupangcdn.com/thumbnails/remote/48x48ex/image/retail/images/2357244903346962-4d7a1592-5f81-47ef-9d48-c69512223342.jpg|https://thumbnail7.coupangcdn.com/thumbnails/remote/48x48ex/image/retail/images/4807087760305814-377f44a0-556a-4950-9261-3ef11f69ef49.PNG|https://thumbnail8.coupangcdn.com/thumbnails/remote/48x48ex/image/retail/images/3235722587725351-cb503ad0-bacd-4545-ae18-a608191a4fc3.PNG|https://thumbnail9.coupangcdn.com/thumbnails/remote/48x48ex/image/retail/images/3452812920882873-014690a4-a6b4-4d25-ad39-7eb8a87be8f9.jpg|https://thumbnail6.coupangcdn.com/thumbnails/remote/48x48ex/image/retail/images/745188107674440-97385e6a-69bf-4d9f-9197-9d55c92a6966.jpg|https://thumbnail10.coupangcdn.com/thumbnails/remote/48x48ex/image/retail/images/3452812918191881-a36639f7-5b2e-499e-b230-3fd7d4f1ede9.jpg|https://thumbnail9.coupangcdn.com/thumbnails/remote/48x48ex/image/retail/images/3452812925697071-a6a64e3b-2fa2-4013-ae3f-7a02ea2f7716.jpg|https://thumbnail6.coupangcdn.com/thumbnails/remote/48x48ex/image/retail/images/2357244893330593-7076465a-f072-477b-9319-1ef14d795891.jpg|https://thumbnail10.coupangcdn.com/thumbnails/remote/48x48ex/image/retail/images/756263886417443-5f5b5b31-596b-49d3-aea1-d34f4ae1a1f1.jpg,"유통기한 (사용기한 표시의무 대상 상품은 사용기한): 2025-08-29 이거나 그 이후인 상품
피부고민: 진정/보습
피부타입: 모든피부
사용 부위: 얼굴
용기 타입: 펌프형
쿠팡상품번호: 6642824310 - 15192817728",https://thumbnail10.coupangcdn.com/thumbnails/remote/q89/image/rs_quotation_api/uz3xfaef/f429049b433c427bb2861b6d5d156dcf.jpg|https://thumbnail7.coupangcdn.com/thumbnails/remote/q89/image/rs_quotation_api/ahigcj4b/01f3e3a201ba45a59bc66e0779e32075.jpg|https://thumbnail10.coupangcdn.com/thumbnails/remote/q89/image/retail/images/2022/07/14/11/2/cdc15f7c-8ba1-4dc1-9d0d-322317e59328.jpg|https://thumbnail10.coupangcdn.com/thumbnails/remote/q89/image/retail/images/2022/07/14/11/4/22ddb444-1445-4677-83b2-c0a02a9d5285.jpg|https://thumbnail10.coupangcdn.com/thumbnails/remote/q89/image/rs_quotation_api/xat6v1ju/c6042cdc443947bfa90d52acad30f325.jpg|https://thumbnail8.coupangcdn.com/thumbnails/remote/q89/image/rs_quotation_api/xrmaidbc/50fe9b1ace7749fd96c946495cb792d1.jpg|https://thumbnail9.coupangcdn.com/thumbnails/remote/q89/image/retail/images/2022/07/14/11/3/3b7bfd17-9fa6-459e-99f1-c08b596f3f79.jpg|https://thumbnail10.coupangcdn.com/thumbnails/remote/q89/image/retail/images/2022/07/14/11/4/41ae1b85-0a29-4e60-b4f0-8a5030b9c4df.jpg|https://thumbnail9.coupangcdn.com/thumbnails/remote/q89/image/rs_quotation_api/vwvacuu7/5208e73268804c8c83d7782f621156c7.jpg|https://thumbnail8.coupangcdn.com/thumbnails/remote/q89/image/retail/images/2022/07/14/11/5/df253f2a-d944-4951-9a5d-1e658aabd5ba.jpg|https://thumbnail7.coupangcdn.com/thumbnails/remote/q89/image/rs_quotation_api/4fveir3d/556f32b3d1d44f8db880ef998838f020.jpg
"제이숲 블랙제이 프로페셔널 클리닉 LPP 단백질 트리트먼트, 1000g, 1개",제이숲,"23,450원",생활용품|헤어|트리트먼트/팩/앰플|일반 트리트먼트,https://thumbnail9.coupangcdn.com/thumbnails/remote/48x48ex/image/retail/images/7790841904419945-a9e4fbd9-c7f6-48a3-9b67-2fc8b94b946c.jpg|https://thumbnail9.coupangcdn.com/thumbnails/remote/48x48ex/image/retail/images/3937096988631499-f321f058-0347-47e3-a05a-c92416f5ac7d.jpg|https://thumbnail7.coupangcdn.com/thumbnails/remote/48x48ex/image/retail/images/50447803720171-ceffb6ae-8b82-4d8e-af6f-fbc89efe7265.jpg|https://thumbnail10.coupangcdn.com/thumbnails/remote/48x48ex/image/retail/images/50525481380957-ebb27ace-c239-4a29-9355-05113035d986.jpg|https://thumbnail6.coupangcdn.com/thumbnails/remote/48x48ex/image/retail/images/50525856981869-4857868c-9cfc-419d-9361-fdf88b154908.jpg|https://thumbnail7.coupangcdn.com/thumbnails/remote/48x48ex/image/retail/images/50525815595944-79b79466-eca1-4976-89d0-5d85f9169c5f.jpg,"유통기한 (사용기한 표시의무 대상 상품은 사용기한): 2025-08-23 이거나 그 이후인 상품
모발타입: 손상모발
헤어케어 타입: 두피관리
구성: 본품
타입: 헤어팩
쿠팡상품번호: 6631597917 - 11218061174",https://thumbnail6.coupangcdn.com/thumbnails/remote/q89/image/retail/images/1245723535373947-5edc8197-1118-481d-a285-97af19972f60.jpg|https://thumbnail8.coupangcdn.com/thumbnails/remote/q89/image/retail/images/5292449504853691-131123c1-e1af-4ee1-898d-d35e8cab0451.jpg|https://thumbnail10.coupangcdn.com/thumbnails/remote/q89/image/retail/images/6658572513805917-09b0d904-7767-41f5-a6a8-84899b809fb4.jpg|https://thumbnail10.coupangcdn.com/thumbnails/remote/q89/image/retail/images/1056120151667071-16b3d562-25c2-4510-9e0a-13d3939ee58e.png
부케가르니 디퓨저 200ml 2개입,부케가르니,"12,100원",홈인테리어|홈데코|디퓨저/방향제|디퓨저|디퓨저,https://thumbnail7.coupangcdn.com/thumbnails/remote/48x48ex/image/retail/images/373294833360372-fe10fca5-e683-4bfa-aa68-9951e1430518.jpg|https://thumbnail10.coupangcdn.com/thumbnails/remote/48x48ex/image/retail/images/2186259337930830-066a6757-fd11-4e4a-99ea-2c3fb1ea197e.jpg|https://thumbnail6.coupangcdn.com/thumbnails/remote/48x48ex/image/retail/images/1138490334948861-48916943-3dc0-4bbd-a0ac-9c7dea7ec2ed.jpg|https://thumbnail7.coupangcdn.com/thumbnails/remote/48x48ex/image/retail/images/2183320431104049-15f455b9-5bfe-4819-807d-6d8a04a8ef3a.jpg|https://thumbnail10.coupangcdn.com/thumbnails/remote/48x48ex/image/retail/images/1138490415790483-9bafbd53-35d4-494c-88ee-9010b7287cc3.jpg|https://thumbnail8.coupangcdn.com/thumbnails/remote/48x48ex/image/retail/images/2183320354029937-8e48a5a8-7048-410c-bb61-1a003ac4d3be.jpg|https://thumbnail9.coupangcdn.com/thumbnails/remote/48x48ex/image/retail/images/2183320355515102-6305151a-18c7-42b7-9719-cbc2d094794d.jpg|https://thumbnail8.coupangcdn.com/thumbnails/remote/48x48ex/image/retail/images/2186259339671275-0c5527e8-47a2-4965-8263-03a550f16aff.jpg,"유통기한: 2025-01-05 이거나 그 이후인 상품
구성품: 단품세트
향 계열: 파우더/비누향
구성: 본품
사용기간: 3개월
쿠팡상품번호: 1505209553 - 21283705808",https://thumbnail7.coupangcdn.com/thumbnails/remote/q89/image/retail/images/5194125387524391-9feea11f-214b-46df-8aee-74d5f9dc7aa1.jpg|https://thumbnail7.coupangcdn.com/thumbnails/remote/q89/image/retail/images/375619549991139-18fb621d-5852-414f-9e81-638e1da2e704.jpg|https://thumbnail8.coupangcdn.com/thumbnails/remote/q89/image/retail/images/373344566355363-70a245bc-0717-46d5-8546-bac20aab47ee.jpg|https://thumbnail10.coupangcdn.com/thumbnails/remote/q89/image/retail/images/375619611138900-a5ec83ca-4524-4b5e-855f-632ffec0a41b.jpg|https://thumbnail7.coupangcdn.com/thumbnails/remote/q89/image/retail/images/373344609296328-464bb037-9ccf-46d1-9f93-2079c9f4a200.jpg|https://thumbnail7.coupangcdn.com/thumbnails/remote/q89/image/retail/images/375619622884342-17c09bf0-a676-4901-a2a3-12a9c121dc2b.jpg|https://thumbnail6.coupangcdn.com/thumbnails/remote/q89/image/retail/images/375619608080630-31669a52-fcfe-4960-a340-8fb5e3f1908d.jpg|https://thumbnail10.coupangcdn.com/thumbnails/remote/q89/image/retail/images/373344586466292-4bf1f916-a18c-45b6-953d-469e3569e465.jpg|https://thumbnail9.coupangcdn.com/thumbnails/remote/q89/image/retail/images/375619574671927-fb594a44-1f64-4502-9574-e10f3060df7d.jpg|https://thumbnail8.coupangcdn.com/thumbnails/remote/q89/image/retail/images/375619667794798-b4aa8fe9-e5be-4077-aeca-0be766d21458.jpg|https://thumbnail9.coupangcdn.com/thumbnails/remote/q89/image/retail/images/5194125539135185-9c27981c-86ef-4a89-a711-1db46365003a.jpg|https://thumbnail10.coupangcdn.com/thumbnails/remote/q89/image/retail/images/442729841604631-220eebbb-0998-4dd5-b677-d4a60c6b913c.jpg|https://thumbnail9.coupangcdn.com/thumbnails/remote/q89/image/retail/images/373344901603693-92dfd708-4aee-4356-b649-cf887329c51d.jpg|https://thumbnail6.coupangcdn.com/thumbnails/remote/q89/image/retail/images/373344917282205-94e6b5b3-9db0-4111-b4ed-a7c979066cfa.jpg|https://thumbnail6.coupangcdn.com/thumbnails/remote/q89/image/retail/images/375619918173714-6bf86e9c-c785-44bb-b1e8-43c0829f3309.jpg|https://thumbnail8.coupangcdn.com/thumbnails/remote/q89/image/retail/images/5194125722781254-c44bba23-7cee-441d-adfa-876ac2a71eee.jpg|https://thumbnail10.coupangcdn.com/thumbnails/remote/q89/image/retail/images/5194125776737307-a9af80e8-250a-4a87-8f0f-d9d97a47439a.jpg|https://thumbnail9.coupangcdn.com/thumbnails/remote/q89/image/retail/images/373344925513512-e33fbc1a-ac4a-434d-b842-2f3d9b5307e2.jpg|https://thumbnail7.coupangcdn.com/thumbnails/remote/q89/image/retail/images/442729885690328-ca81296e-a928-4cf7-a0bd-b8bf4d1423dd.jpg|https://thumbnail8.coupangcdn.com/thumbnails/remote/q89/image/retail/images/373344885251861-718b5921-1a7a-4d1b-bdbf-2234187e7f9b.jpg
코멧 거실 장스탠드 LED 전구포함,코멧,"20,390원",결혼준비|인테리어/소품|조명/스탠드|장스탠드,https://thumbnail9.coupangcdn.com/thumbnails/remote/48x48ex/image/retail/images/538858469184984-f52e7b6d-4b63-42ff-a21f-10dc3a5bdf95.jpg|https://thumbnail6.coupangcdn.com/thumbnails/remote/48x48ex/image/retail/images/538002313335322-1920576a-a159-4719-aadf-369c031b834b.jpg|https://thumbnail10.coupangcdn.com/thumbnails/remote/48x48ex/image/retail/images/9182003187959754-791bd851-1f25-4167-8349-8e77adcb9983.jpg|https://thumbnail10.coupangcdn.com/thumbnails/remote/48x48ex/image/retail/images/465126318124719-eeb5d482-e29d-4cd7-8062-0468d59a61e5.jpg|https://thumbnail6.coupangcdn.com/thumbnails/remote/48x48ex/image/retail/images/463231359583590-f79acc41-6893-4e0c-ab86-9666967278fa.jpg|https://thumbnail8.coupangcdn.com/thumbnails/remote/48x48ex/image/retail/images/9182003130576750-b70f568e-bf6e-4e53-a3ac-4a2ef2052b56.jpg|https://thumbnail10.coupangcdn.com/thumbnails/remote/48x48ex/image/retail/images/465126380359943-385564df-8fa8-48ce-92d9-0b7bab0ffd1e.jpg|https://thumbnail8.coupangcdn.com/thumbnails/remote/48x48ex/image/retail/images/9183525147199856-ef7cc2f4-fa4b-4363-83c1-f187ab12dc48.jpg|https://thumbnail10.coupangcdn.com/thumbnails/remote/48x48ex/image/retail/images/465147994706906-8f9f5869-314d-45ae-ab1e-17ef8985bc14.jpg|https://thumbnail8.coupangcdn.com/thumbnails/remote/48x48ex/image/retail/images/465126304985069-25d86416-13e8-4077-97e5-ed6a94fc7bef.jpg,"색상계열: 화이트계열
설치 형태: 스탠드형
전구 포함여부: 전구포함
수량: 1개
쿠팡상품번호: 7028599558 - 17337605376",https://thumbnail6.coupangcdn.com/thumbnails/remote/q89/image/retail/images/538963495862211-7403071d-70a0-43ae-996a-6a1ec50e552d.jpg|https://thumbnail9.coupangcdn.com/thumbnails/remote/q89/image/retail/images/114248667019257-5e50c766-1579-4360-a9f8-bf408dc53014.jpg
필립스 데일리 콜렉션 토스트기,필립스,"25,610원",주방용품|주방가전|토스터|팝업 토스터,https://thumbnail9.coupangcdn.com/thumbnails/remote/48x48ex/image/vendor_inventory/2195/f22e0a2144cefe4b56a9b5bb4b3f70ac5696bd82f1d573c1f296294d3f43.png,"칸/분할 수: 2칸
받침유무: 받침있음
굽기조절단계: 6단 이상
토스터 투입구: 2구
쿠팡상품번호: 286139632 - 907371568",https://thumbnail10.coupangcdn.com/thumbnails/remote/q89/image/retail/images/1811059142432626-30b16a44-000b-4d41-8f69-e7dcead6b0b9.jpg|https://thumbnail8.coupangcdn.com/thumbnails/remote/q89/image/retail/images/7575994584720639-a3a34043-ebe8-4726-9c96-5dc7f4601532.jpg
필립스 3000 시리즈 무선 전기포트,필립스,"24,320원",홈카페|티포트/전기포트|전기포트,https://thumbnail9.coupangcdn.com/thumbnails/remote/48x48ex/image/retail/images/353243645605447-417fe0c4-fbd3-4c32-8b73-db68ff54fdf9.jpg|https://thumbnail9.coupangcdn.com/thumbnails/remote/48x48ex/image/retail/images/6837112722091877-6ec69895-869d-4751-8b02-1ff17f0c54c3.jpg|https://thumbnail7.coupangcdn.com/thumbnails/remote/48x48ex/image/retail/images/25137643620856-f31fff59-759b-44b3-b09e-e9a869397b89.jpg|https://thumbnail10.coupangcdn.com/thumbnails/remote/48x48ex/image/retail/images/268752745878426-9d7c7dd5-139b-4f04-a384-2b470c9c0ffc.jpg|https://thumbnail7.coupangcdn.com/thumbnails/remote/48x48ex/image/retail/images/2020/09/01/13/0/ac18b8cb-575f-483d-8891-2bf5620408f4.jpg|https://thumbnail9.coupangcdn.com/thumbnails/remote/48x48ex/image/retail/images/220133566442732-79eee39f-c79b-4dea-9d72-e01ea269a1b4.jpg|https://thumbnail9.coupangcdn.com/thumbnails/remote/48x48ex/image/retail/images/13502659342460-0ee38a12-f436-409f-bd4e-9a542d00438a.jpg|https://thumbnail6.coupangcdn.com/thumbnails/remote/48x48ex/image/retail/images/2020/09/01/13/2/36bae06a-aa40-44c7-b6cb-b97228ce00cd.jpg,"용량: 1.7L
차망/거름망 여부: 차망/거름망 분리형
유무선 여부: 유선
쿠팡상품번호: 2068932759 - 3515436045",https://thumbnail10.coupangcdn.com/thumbnails/remote/q89/image/retail/images/1811059142432626-30b16a44-000b-4d41-8f69-e7dcead6b0b9.jpg|https://thumbnail6.coupangcdn.com/thumbnails/remote/q89/image/retail/images/1256700264910283-1c6cf208-ff13-4504-a55c-12d3636a6a0b.jpg|https://thumbnail9.coupangcdn.com/thumbnails/remote/q89/image/retail/images/2888457069417185-3fedb9e0-3589-4f77-a745-e58e40e30559.jpg
바디공식 스포츠 헤어밴드 2p,바디공식,"13,800원",스포츠/레저|스포츠잡화|보호대/아대|스포츠아대/밴드,https://thumbnail9.coupangcdn.com/thumbnails/remote/48x48ex/image/retail/images/2290610187010474-8076a950-cbe6-403a-9ba6-ae4396172941.jpg|https://thumbnail7.coupangcdn.com/thumbnails/remote/48x48ex/image/retail/images/1674357622384348-dfa36b70-0a65-414b-bf31-c46721f07ee7.jpg|https://thumbnail6.coupangcdn.com/thumbnails/remote/48x48ex/image/retail/images/630013744013134-49028068-4753-44a8-a03b-56dd775f6b16.jpg|https://thumbnail9.coupangcdn.com/thumbnails/remote/48x48ex/image/retail/images/241551921997203-684b04bb-e810-49a1-be68-0ceebab317d4.jpg|https://thumbnail7.coupangcdn.com/thumbnails/remote/48x48ex/image/retail/images/241552007712283-135d97eb-bec0-42ce-aaf1-9210fd8d4724.jpg|https://thumbnail6.coupangcdn.com/thumbnails/remote/48x48ex/image/retail/images/630013959832196-47db6efb-1b48-4f5a-b03d-3d50ab1a67a8.jpg|https://thumbnail9.coupangcdn.com/thumbnails/remote/48x48ex/image/retail/images/630013951898908-5a499be9-9b08-49f7-8f02-977940da5c20.jpg|https://thumbnail8.coupangcdn.com/thumbnails/remote/48x48ex/image/retail/images/630013923879873-e3549924-a988-406b-8dce-a72051380372.jpg|https://thumbnail7.coupangcdn.com/thumbnails/remote/48x48ex/image/retail/images/1677782921968695-cb5c427c-ad8f-4202-b327-da4eb8742834.jpg,"구성: 단품세트
용도: 운동용
색상계열: 블랙계열
사이즈: FREE (One Size)
소재: 폴리에스터
쿠팡상품번호: 6530115363 - 14500274925",https://thumbnail8.coupangcdn.com/thumbnails/remote/q89/image/retail/images/1770422942684850-a4fce386-6713-4fc6-a6db-2528280e344f.jpg
"코멧 스포츠 고중량 육각 덤벨 아령 블랙, 8kg, 2개입",코멧,"15,890원",스포츠/레저|헬스/요가/댄스|부위별 운동용품|복부|아령/덤벨,https://thumbnail7.coupangcdn.com/thumbnails/remote/48x48ex/image/retail/images/1272238726700967-f5b41624-1794-4ddc-84a6-0708bdd94110.jpg|https://thumbnail7.coupangcdn.com/thumbnails/remote/48x48ex/image/retail/images/2010517776884685-34ffd473-c990-41ce-921c-6123ca7b331c.jpg|https://thumbnail7.coupangcdn.com/thumbnails/remote/48x48ex/image/retail/images/2010517776274582-846ce8c4-7191-472c-9b8f-d78d92ffa4f2.jpg|https://thumbnail10.coupangcdn.com/thumbnails/remote/48x48ex/image/retail/images/2010517747854019-b315964f-46a4-43fa-86c9-d9732f9f28df.jpg|https://thumbnail9.coupangcdn.com/thumbnails/remote/48x48ex/image/retail/images/2010517780863177-86f62414-19a2-4695-836f-b08c55789512.jpg|https://thumbnail6.coupangcdn.com/thumbnails/remote/48x48ex/image/retail/images/1272243526128252-0aa529d6-d09b-4da6-8dbc-05620996a1f5.JPG|https://thumbnail10.coupangcdn.com/thumbnails/remote/48x48ex/image/retail/images/1760941833350926-57c705e2-680a-4223-9af7-ee4ec4c50378.JPG|https://thumbnail8.coupangcdn.com/thumbnails/remote/48x48ex/image/retail/images/1760941829663543-a861223a-b271-419b-8a5c-69980b67f4e4.JPG|https://thumbnail6.coupangcdn.com/thumbnails/remote/48x48ex/image/retail/images/2010517768682300-af9b1239-5141-48bf-b271-7e9334b9ded0.jpg|https://thumbnail10.coupangcdn.com/thumbnails/remote/48x48ex/image/retail/images/1272243517116912-039a8ac9-98af-425d-b89c-7c340eacdb57.jpg,"총 수량: 2개
쿠팡상품번호: 7578389096 - 20000421912",https://thumbnail7.coupangcdn.com/thumbnails/remote/q89/image/retail/images/1760177488789786-ae5e3174-11c6-43f8-b107-d3bd0538a217.jpg|https://thumbnail8.coupangcdn.com/thumbnails/remote/q89/image/retail/images/1271479613276501-e42ebb26-6c05-41c7-baff-62e11600a82a.jpg|https://thumbnail7.coupangcdn.com/thumbnails/remote/q89/image/retail/images/1271479557345624-b14d97b8-9011-4312-8663-80f51471e80e.jpg|https://thumbnail10.coupangcdn.com/thumbnails/remote/q89/image/retail/images/968864234262876-7f323e15-93a3-4336-93b7-e6224ee61fbb.jpg|https://thumbnail8.coupangcdn.com/thumbnails/remote/q89/image/retail/images/1366225021085946-92ceca7c-48cd-4ba4-a366-3fdeb0b3819f.jpg
오토바이 우비 팬츠 일반형,,"13,300원",자동차용품|오토바이용품|오토바이의류|오토바이바지,https://thumbnail10.coupangcdn.com/thumbnails/remote/48x48ex/image/retail/images/2022/11/22/15/3/3b630f67-1320-4d6a-a6f2-96c9e980843d.jpg|https://thumbnail8.coupangcdn.com/thumbnails/remote/48x48ex/image/rs_quotation_api/ebwtwfps/b5799b1a12884c71b025b035609bff49.jpg|https://thumbnail10.coupangcdn.com/thumbnails/remote/48x48ex/image/rs_quotation_api/kzxvwoh9/7112260b88a941749d8f8bc53ae267f9.jpg|https://thumbnail10.coupangcdn.com/thumbnails/remote/48x48ex/image/rs_quotation_api/3jxmunwb/ed9ec23dd56e44df8e9467cf33db60c0.jpg|https://thumbnail8.coupangcdn.com/thumbnails/remote/48x48ex/image/rs_quotation_api/mzwbhblg/0393c4bd1d124eeb8b020a3fd5fb7737.jpg,쿠팡상품번호: 6939521691 - 16822492758,https://thumbnail7.coupangcdn.com/thumbnails/remote/q89/image/retail/images/3844203607573751-f0721f48-fef6-43aa-866b-eff2a83fd3e1.jpg
이고웰 보온 보냉 배달가방 + 바이크 장착용 철망 세트,,"25,000원",자동차용품|오토바이용품|배달가방/탑박스|배달가방,https://thumbnail9.coupangcdn.com/thumbnails/remote/48x48ex/image/retail/images/2023/03/28/9/5/ac2e14c8-e993-4a4c-8926-450abe2d47e7.jpg|https://thumbnail6.coupangcdn.com/thumbnails/remote/48x48ex/image/retail/images/2023/03/28/9/4/54a5fef1-0fba-4ee0-a9ed-09516058be86.jpg|https://thumbnail6.coupangcdn.com/thumbnails/remote/48x48ex/image/retail/images/2023/03/28/9/3/18c56577-7e1c-4f06-85e8-0ade7031de6b.jpg|https://thumbnail6.coupangcdn.com/thumbnails/remote/48x48ex/image/retail/images/2023/03/28/9/5/5c70cfcc-32fc-493c-9391-048eb11ab352.jpg|https://thumbnail8.coupangcdn.com/thumbnails/remote/48x48ex/image/retail/images/2023/03/28/9/3/0c2c0b17-285c-43c1-bab0-daf10a37ca32.jpg|https://thumbnail9.coupangcdn.com/thumbnails/remote/48x48ex/image/retail/images/2023/03/28/9/0/add24506-ea39-4c41-86cf-9499b6739b86.jpg|https://thumbnail8.coupangcdn.com/thumbnails/remote/48x48ex/image/retail/images/2023/03/28/9/0/0ab0e5d8-1afa-43a0-8dcb-cb43cd5ccfb4.jpg|https://thumbnail9.coupangcdn.com/thumbnails/remote/48x48ex/image/retail/images/2023/03/28/9/5/1c7a8f51-ab0c-495c-b495-6a8e910578ab.jpg|https://thumbnail6.coupangcdn.com/thumbnails/remote/48x48ex/image/rs_quotation_api/0zcndyr1/52e5584f7f214577af6ee463a6f020cf.jpg,"사이즈: 32L
쿠팡상품번호: 7868182752 - 21487086126",https://thumbnail8.coupangcdn.com/thumbnails/remote/q89/image/retail/images/35750477943695-d6b1ab91-5197-4a77-8af4-37512ad9819d.jpg|https://thumbnail7.coupangcdn.com/thumbnails/remote/q89/image/retail/images/35750603728662-f6d67a0c-6e9c-44ee-b04d-18325309f226.jpg|https://thumbnail8.coupangcdn.com/thumbnails/remote/q89/image/retail/images/35750703895768-00dec5dd-7669-4380-b9f7-9b3902bb1f88.jpg|https://thumbnail6.coupangcdn.com/thumbnails/remote/q89/image/retail/images/35750807222867-1ad115d7-c6f7-4250-a3e1-ce8992ce7bc7.jpg
한글떼기 1~5과정 세트 전5권(개정판)(유아4~7세),기탄교육,"27,000원",도서/음반/DVD|유아/어린이|전집/세트|국어/수학/영어,https://thumbnail8.coupangcdn.com/thumbnails/remote/48x48ex/image/retail/images/2975096106918540-34c9be98-9e66-4d1f-9316-673307c125c2.jpg|https://thumbnail6.coupangcdn.com/thumbnails/remote/48x48ex/image/product/image/vendoritem/2017/11/07/3249182745/c67e9a38-557b-4b5e-8ebc-7f9ce116db74.jpg|https://thumbnail8.coupangcdn.com/thumbnails/remote/48x48ex/image/product/image/vendoritem/2017/11/07/3249182745/38e4ea3d-8c53-4508-b6a2-20c1832e4a42.jpg|https://thumbnail10.coupangcdn.com/thumbnails/remote/48x48ex/image/product/image/vendoritem/2017/11/07/3249182745/b5fa6831-1cc2-46e0-9f83-19c48f84af70.jpg|https://thumbnail9.coupangcdn.com/thumbnails/remote/48x48ex/image/product/image/vendoritem/2017/11/07/3249182745/9934cc5b-5bce-45b2-8a48-dc0c73a669e7.jpg|https://thumbnail10.coupangcdn.com/thumbnails/remote/48x48ex/image/product/image/vendoritem/2017/11/07/3249182745/3d003546-4295-4731-8a1d-bd53ff4f35df.jpg|https://thumbnail9.coupangcdn.com/thumbnails/remote/48x48ex/image/product/image/vendoritem/2017/11/07/3249182745/771e79ff-c081-4105-83ad-72efc96b6a3a.jpg|https://thumbnail7.coupangcdn.com/thumbnails/remote/48x48ex/image/product/image/vendoritem/2017/11/07/3249182745/eb4eb8eb-0e53-4941-a57f-aefdb1be728d.jpg|https://thumbnail9.coupangcdn.com/thumbnails/remote/48x48ex/image/product/image/vendoritem/2017/11/07/3249182745/157a9b7a-300b-43ce-b6a5-89c9fdb9d80e.jpg|https://thumbnail9.coupangcdn.com/thumbnails/remote/48x48ex/image/product/image/vendoritem/2017/11/07/3249182745/38ed0cf4-8527-420c-b223-8c2b8a75d67e.jpg,"저자: 기탄출판 책나무팀
발행언어: 한국어
최소연령: 4세
시리즈: 한글떼기 최신개정판
쿠팡상품번호: 32586995 - 122769217",https://thumbnail6.coupangcdn.com/thumbnails/remote/q89/image/retail/images/2533187019590240-4144c31a-c9e7-49a6-b340-f8aa75f66c57.jpg|https://thumbnail7.coupangcdn.com/thumbnails/remote/q89/image/retail/images/6671903980256188-fbba3d6c-c3ed-40f7-b44f-622fd765ad41.jpg|https://thumbnail7.coupangcdn.com/thumbnails/remote/q89/image/retail/images/6671903936025913-5b1e5db4-bf3c-45a7-84b1-ed69c6d89da0.jpg|https://thumbnail9.coupangcdn.com/thumbnails/remote/q89/image/retail/images/7282867509199155-a593e12a-47b1-4ec0-93e9-7a32cb3f92fc.jpg|https://thumbnail9.coupangcdn.com/thumbnails/remote/q89/image/retail/images/6667189517092417-b46182b1-7987-4ee4-86b5-9ee761a11232.jpg
핑크퐁 한글버스,더핑크퐁컴퍼니,"37,900원",출산/유아동|유아동도서|학습/교양|두뇌개발|IQ/EQ계발,https://thumbnail10.coupangcdn.com/thumbnails/remote/48x48ex/image/retail/images/194899590851837-f0cc226f-d989-47df-888c-dba4d1ea084e.jpg|https://thumbnail7.coupangcdn.com/thumbnails/remote/48x48ex/image/retail/images/195152000554990-aa840ec7-fa82-4083-871c-1ed162078b8a.jpg|https://thumbnail6.coupangcdn.com/thumbnails/remote/48x48ex/image/retail/images/195152030135181-871f3656-25a3-4a34-a9cf-cdf897988eaa.jpg|https://thumbnail10.coupangcdn.com/thumbnails/remote/48x48ex/image/retail/images/196260372667745-b10646e8-8e45-4140-940b-badf15f512ce.jpg|https://thumbnail8.coupangcdn.com/thumbnails/remote/48x48ex/image/retail/images/196260410089301-ce625ab9-e7f1-453e-8be7-7e0a99a4abf7.jpg|https://thumbnail9.coupangcdn.com/thumbnails/remote/48x48ex/image/retail/images/195152001351393-f47c03ff-6ff4-4158-9f64-3ecfd22262b2.jpg|https://thumbnail6.coupangcdn.com/thumbnails/remote/48x48ex/image/retail/images/195152029738240-c4a59ac6-ed74-447f-a9fd-385c5bf070e5.jpg|https://thumbnail9.coupangcdn.com/thumbnails/remote/48x48ex/image/retail/images/196260442821177-9f5098d0-01f7-46df-abd4-2adf14c4cb48.jpg,"저자: 스마트스터디도서편집부
ISBN: 8809456150831
최소연령: 3세
학습과목: 국어영역
캐릭터: 핑크퐁
쿠팡상품번호: 53098248 - 186798206",https://thumbnail6.coupangcdn.com/thumbnails/remote/q89/image/retail/images/2533187019590240-4144c31a-c9e7-49a6-b340-f8aa75f66c57.jpg|https://thumbnail6.coupangcdn.com/thumbnails/remote/q89/image/retail/images/1511482547520612-d52c25f0-2a31-41aa-b17d-ecad6db9761a.jpeg
레고 스피드챔피언 76920 Ford Mustang Dark Horse 스포츠카,레고,"30,870원",완구/취미|블록놀이|레고|레고,https://thumbnail9.coupangcdn.com/thumbnails/remote/48x48ex/image/retail/images/2024/02/07/17/0/cdf72ca0-3641-47fc-89c1-cc41ef584cbb.png|https://thumbnail6.coupangcdn.com/thumbnails/remote/48x48ex/image/retail/images/2024/02/07/17/8/c7b86282-87be-4348-a88f-2958cbd35095.png|https://thumbnail10.coupangcdn.com/thumbnails/remote/48x48ex/image/rs_quotation_api/xlndpljx/d8c00637830544a9a655028df42ddfaf.png|https://thumbnail7.coupangcdn.com/thumbnails/remote/48x48ex/image/rs_quotation_api/pvim55tb/7e94baba12bc4cc7a61fb777108643a7.png|https://thumbnail6.coupangcdn.com/thumbnails/remote/48x48ex/image/rs_quotation_api/j01eib5s/8cdef9c254c24a2b8c95bd92aaf5caa9.png|https://thumbnail10.coupangcdn.com/thumbnails/remote/48x48ex/image/rs_quotation_api/mxhcv0ha/8b27eeb528004ae2bc8a5a2c200ee571.png|https://thumbnail10.coupangcdn.com/thumbnails/remote/48x48ex/image/rs_quotation_api/okornsxv/c152e9c0a2b4490d827d71ab8938bc4c.png,"시리즈: 스피드 챔피언
조각 수: 344피스
최소연령: 9세
쿠팡상품번호: 7883854408 - 21567212479",https://thumbnail6.coupangcdn.com/thumbnails/remote/q89/image/retail/images/2024/02/07/17/8/c7b86282-87be-4348-a88f-2958cbd35095.png|https://thumbnail10.coupangcdn.com/thumbnails/remote/q89/image/rs_quotation_api/xlndpljx/d8c00637830544a9a655028df42ddfaf.png|https://thumbnail7.coupangcdn.com/thumbnails/remote/q89/image/rs_quotation_api/pvim55tb/7e94baba12bc4cc7a61fb777108643a7.png|https://thumbnail6.coupangcdn.com/thumbnails/remote/q89/image/rs_quotation_api/hq5xfbz7/32e5904880544b9d81a3e02459763aae.png|https://thumbnail6.coupangcdn.com/thumbnails/remote/q89/image/rs_quotation_api/j01eib5s/8cdef9c254c24a2b8c95bd92aaf5caa9.png|https://thumbnail10.coupangcdn.com/thumbnails/remote/q89/image/rs_quotation_api/mxhcv0ha/8b27eeb528004ae2bc8a5a2c200ee571.png|https://thumbnail10.coupangcdn.com/thumbnails/remote/q89/image/rs_quotation_api/okornsxv/c152e9c0a2b4490d827d71ab8938bc4c.png
락브로스 고글 일체형 자전거 헬멧 WT-018S,락브로스,"23,660원",스포츠/레저|킥보드/스케이트|보호장비|헬멧,https://thumbnail9.coupangcdn.com/thumbnails/remote/48x48ex/image/retail/images/2021/02/15/11/8/567aa253-475b-4f0d-a05c-7e2a176cbd0d.jpg|https://thumbnail6.coupangcdn.com/thumbnails/remote/48x48ex/image/retail/images/5036272660996412-d1513d85-74d1-4dfb-bc71-791f8adf1e91.jpg|https://thumbnail8.coupangcdn.com/thumbnails/remote/48x48ex/image/retail/images/6340519083165381-4d4bc588-1b82-4f70-871c-461b4dd22f8d.jpg|https://thumbnail7.coupangcdn.com/thumbnails/remote/48x48ex/image/retail/images/5719377991675803-b884ee06-aac4-48c2-bc64-a6852355a410.jpg|https://thumbnail8.coupangcdn.com/thumbnails/remote/48x48ex/image/retail/images/5036268279168481-6b248880-2dc2-47cf-85a7-04156158b033.jpg|https://thumbnail7.coupangcdn.com/thumbnails/remote/48x48ex/image/retail/images/490741306370177-c260e2e5-e394-4423-abb0-c69876547108.jpg|https://thumbnail8.coupangcdn.com/thumbnails/remote/48x48ex/image/retail/images/490741308829472-68d11d04-80ea-44ab-b29f-e30de58f9a73.jpg|https://thumbnail7.coupangcdn.com/thumbnails/remote/48x48ex/image/retail/images/5036272659921513-9db2a8a6-f534-4fd5-9655-63c95666939a.jpg,"성별: 남성용
사이즈 조절여부: 조절가능
중량: 274g
색상계열: 블랙계열
헬멧 용도: 스포츠용
쿠팡상품번호: 5001263787 - 6685735842",https://thumbnail9.coupangcdn.com/thumbnails/remote/q89/image/retail/images/2021/02/15/11/8/f802e583-052b-471f-8efc-5c01ee06589b.jpg|https://thumbnail6.coupangcdn.com/thumbnails/remote/q89/image/rs_quotation_api/ksqjixwy/bf312a853f7c473a8a33159b58596c88.jpg|https://thumbnail7.coupangcdn.com/thumbnails/remote/q89/image/rs_quotation_api/8al0amus/ca914994140d4341807d591dedb4cc48.jpg|https://thumbnail7.coupangcdn.com/thumbnails/remote/q89/image/rs_quotation_api/ucerpxo9/c5dce5d6c5344c86800689b009ee1cea.jpg|https://thumbnail7.coupangcdn.com/thumbnails/remote/q89/image/retail/images/2021/02/15/11/2/6f381c0c-e5f9-435b-adc1-dbc7071df1f6.jpg
코멧 다용도 패브릭 발받침대,코멧,"19,190원",결혼준비|가구/침구|거실가구|의자|스툴,https://thumbnail9.coupangcdn.com/thumbnails/remote/48x48ex/image/retail/images/2355266853951252-7d9ea238-8df7-4870-aad1-b64ac3c14865.jpg|https://thumbnail8.coupangcdn.com/thumbnails/remote/48x48ex/image/retail/images/2356712048841653-5f7cf267-5634-42d2-9e08-78932cb53429.jpg|https://thumbnail8.coupangcdn.com/thumbnails/remote/48x48ex/image/retail/images/2356712163333249-79e5be19-fe47-4847-a4d6-e07fad337ae6.jpg|https://thumbnail9.coupangcdn.com/thumbnails/remote/48x48ex/image/retail/images/1927621084462601-8b2bfd6d-bda8-47cd-bafc-921f3584d6d3.jpg|https://thumbnail6.coupangcdn.com/thumbnails/remote/48x48ex/image/retail/images/2355277086301886-980efd46-283e-470a-b0a1-f758a4ff002d.jpg|https://thumbnail10.coupangcdn.com/thumbnails/remote/48x48ex/image/retail/images/1931920141473299-315ee3a6-e5c2-4732-ab1f-51fd41be31ce.jpg|https://thumbnail8.coupangcdn.com/thumbnails/remote/48x48ex/image/retail/images/1931920145264497-b2a4459e-22c4-4c52-b09d-974009c39606.jpg|https://thumbnail8.coupangcdn.com/thumbnails/remote/48x48ex/image/retail/images/1927621250076025-ddf88b1f-8ec4-400d-ba4e-55ee3facf8b3.jpg|https://thumbnail8.coupangcdn.com/thumbnails/remote/48x48ex/image/retail/images/1931920212375400-4073b71c-5f7b-403c-817e-09c66820e4a5.jpg|https://thumbnail9.coupangcdn.com/thumbnails/remote/48x48ex/image/retail/images/2355277193625608-2979e3c6-51e1-47ef-89fa-993cad419f17.jpg,"출시 연도: 2022년도
색상계열: 블랙계열
수량: 1개
쿠팡상품번호: 6331081042 - 13239170247",https://thumbnail7.coupangcdn.com/thumbnails/remote/q89/image/retail/images/6599869015399262-9850df76-f692-4fa2-a870-7f16d589cadb.jpg|https://thumbnail8.coupangcdn.com/thumbnails/remote/q89/image/retail/images/6600046094787443-320904da-c448-4e14-b6c9-8c3b354e85ec.jpg|https://thumbnail10.coupangcdn.com/thumbnails/remote/q89/image/retail/images/8837367216483668-f896a42c-6f8c-415d-b85f-60076cafbca6.jpg
"내모미해 허리 피팅 자동조임 줄자 화이트, 150cm, 1개",,"6,400원",아트/공예|미술/화방용품|제도용품|자/줄자|줄자,https://thumbnail6.coupangcdn.com/thumbnails/remote/48x48ex/image/retail/images/1600464299204765-6046dd28-2db7-4c1f-a06e-2e9da68ba71b.jpg|https://thumbnail9.coupangcdn.com/thumbnails/remote/48x48ex/image/retail/images/6245993655410078-01a5a133-3135-479a-8a2a-d95e375497a8.PNG|https://thumbnail9.coupangcdn.com/thumbnails/remote/48x48ex/image/retail/images/5996161651080086-336991c0-d4d8-44b9-9ae3-7cd8244a094a.PNG|https://thumbnail10.coupangcdn.com/thumbnails/remote/48x48ex/image/retail/images/1117275608346077-fc06bfb6-c092-4456-ad31-9a09b09cf9ef.PNG|https://thumbnail7.coupangcdn.com/thumbnails/remote/48x48ex/image/retail/images/5996161626129603-95d3c2d5-8d96-444b-8b97-07bfd98a2a0a.PNG|https://thumbnail9.coupangcdn.com/thumbnails/remote/48x48ex/image/retail/images/1117275569658131-15305149-53c1-47c1-8014-0ab38d1bd6bc.PNG|https://thumbnail10.coupangcdn.com/thumbnails/remote/48x48ex/image/retail/images/5996161636663152-889d193e-f6bf-42b8-a5f5-5c9439596d05.PNG|https://thumbnail8.coupangcdn.com/thumbnails/remote/48x48ex/image/retail/images/1123317759997441-9549b3b1-d6e7-440b-805a-f90bc835154f.PNG|https://thumbnail10.coupangcdn.com/thumbnails/remote/48x48ex/image/retail/images/5996161644858951-528c4c70-8d14-4448-b64e-f68fb9f24bc0.PNG|https://thumbnail8.coupangcdn.com/thumbnails/remote/48x48ex/image/retail/images/1117275569996986-4f200b2b-36c8-43a2-bcfc-144b4e601b0a.PNG,"줄자 종류: 피팅/다이어트 줄자
색상계열: 화이트계열
쿠팡상품번호: 6700150406 - 15516152744",https://thumbnail10.coupangcdn.com/thumbnails/remote/q89/image/retail/images/4802337654974676-3dabc656-a706-4d45-826a-733ac89cf255.jpg
"리스펫 강아지 고양이 치석제거 바르는치약, 70g, 1개",,"12,900원",반려동물용품|강아지 용품|건강 관리|구강관리|치약,https://thumbnail10.coupangcdn.com/thumbnails/remote/48x48ex/image/retail/images/2237621510572253-ab61f21c-f2fc-40c7-bef8-e2793fb5a220.png|https://thumbnail7.coupangcdn.com/thumbnails/remote/48x48ex/image/retail/images/472861125266148-4b072d44-8e4e-4482-86e1-fcf56ccc5daa.jpg|https://thumbnail9.coupangcdn.com/thumbnails/remote/48x48ex/image/retail/images/4136726338945212-293d244b-8da9-480a-bb3e-f6bad615f153.jpg|https://thumbnail8.coupangcdn.com/thumbnails/remote/48x48ex/image/retail/images/2855933133252322-163eec5f-45f2-4d3a-ab78-929a1c8b8b90.jpg|https://thumbnail7.coupangcdn.com/thumbnails/remote/48x48ex/image/retail/images/2237627076808766-7a0ea947-9717-4a1d-b7f8-bf54642082fa.jpg|https://thumbnail9.coupangcdn.com/thumbnails/remote/48x48ex/image/retail/images/2237627099639880-06378ab7-dbe0-4dba-a49c-c4940690ff35.jpg|https://thumbnail8.coupangcdn.com/thumbnails/remote/48x48ex/image/retail/images/2237627153015723-9ce8920e-6829-418e-bf53-513e57677dee.jpg,"유통기한: 2025-01-29 이거나 그 이후인 상품
타입: 바르는 치약
기능: 토탈케어
맛/향: 과일
로켓펫닥터: Y
쿠팡상품번호: 6436850568 - 13917128224",https://thumbnail8.coupangcdn.com/thumbnails/remote/q89/image/retail/images/1156247933111454-08f2bbd0-40ac-4e91-9e9d-21340b4b6060.jpg|https://thumbnail10.coupangcdn.com/thumbnails/remote/q89/image/retail/images/6826673406188530-60a772dc-2821-42b0-9267-77e049a70173.jpg|https://thumbnail6.coupangcdn.com/thumbnails/remote/q89/image/retail/images/1156248036980089-e7bd2bd4-b7a5-41af-9ddd-567ffda134c2.jpg|https://thumbnail7.coupangcdn.com/thumbnails/remote/q89/image/retail/images/6826673604366508-fce333ff-6ed8-4c6d-b9c4-7a05f8f42510.jpg|https://thumbnail6.coupangcdn.com/thumbnails/remote/q89/image/retail/images/773853797420020-96ade4d8-d229-472a-9136-da29c6cc6161.jpg|https://thumbnail6.coupangcdn.com/thumbnails/remote/q89/image/retail/images/1366334211591028-739897b0-085e-46b1-8586-b75cda37647e.jpg|https://thumbnail7.coupangcdn.com/thumbnails/remote/q89/image/retail/images/6826673949732612-e1f40635-0b25-423f-85a1-f3a67a081337.jpg|https://thumbnail6.coupangcdn.com/thumbnails/remote/q89/image/retail/images/1366334139865984-3aca506c-6c9a-477b-a378-84144f74003d.jpg|https://thumbnail8.coupangcdn.com/thumbnails/remote/q89/image/retail/images/773853994723952-cbc44309-1e8a-4485-af14-07408862c654.jpg|https://thumbnail10.coupangcdn.com/thumbnails/remote/q89/image/retail/images/6826673865264135-365b85f5-6261-4b1e-8cdd-e888506cb01f.jpg|https://thumbnail10.coupangcdn.com/thumbnails/remote/q89/image/retail/images/773853738114062-541116c5-000f-4223-97cb-4e40a04bcf4e.jpg|https://thumbnail10.coupangcdn.com/thumbnails/remote/q89/image/retail/images/773853935512492-be8873a1-28ec-4f19-b0d5-f73e1fb38f4b.jpg|https://thumbnail6.coupangcdn.com/thumbnails/remote/q89/image/retail/images/1156248045148070-eb2056c9-00de-4895-adf1-e7cf82b5fdb8.jpg|https://thumbnail10.coupangcdn.com/thumbnails/remote/q89/image/retail/images/1156248108566803-3a4ba1c8-6726-44f0-8f47-8e20eda001ba.jpg|https://thumbnail8.coupangcdn.com/thumbnails/remote/q89/image/retail/images/1366334113498144-a3bd6067-3144-415d-8db7-130812f48e06.jpg
"쿤달 네이처 마일드 퍼퓸 애견 샴푸 화이트런더리향, 500ml, 2개",쿤달,"20,000원",반려동물용품|강아지 용품|미용/목욕|샴푸/린스|샴푸,https://thumbnail7.coupangcdn.com/thumbnails/remote/48x48ex/image/retail/images/1481302719500416-a60c02fb-2d5f-44b1-9e66-c0c3b6d25734.jpg|https://thumbnail8.coupangcdn.com/thumbnails/remote/48x48ex/image/retail/images/1481306816997471-73ef86bc-3744-4d80-8633-c9d9bdb9588c.JPG|https://thumbnail6.coupangcdn.com/thumbnails/remote/48x48ex/image/retail/images/1504007007451468-6d6c7dff-bea4-4c2d-89ed-705fa71de4f0.JPG|https://thumbnail7.coupangcdn.com/thumbnails/remote/48x48ex/image/retail/images/1502950668982446-873093da-a0bb-4a92-b527-56072fd73b23.JPG|https://thumbnail7.coupangcdn.com/thumbnails/remote/48x48ex/image/retail/images/1504007016198021-d9ded344-0867-4782-92c4-c22b87e4321e.JPG|https://thumbnail7.coupangcdn.com/thumbnails/remote/48x48ex/image/retail/images/1502950669192744-59d7746f-e01b-4486-885e-53cbe12aae36.JPG|https://thumbnail6.coupangcdn.com/thumbnails/remote/48x48ex/image/retail/images/1502950682729943-d69b82d9-c232-44fd-8089-6d9fabac363e.JPG|https://thumbnail7.coupangcdn.com/thumbnails/remote/48x48ex/image/retail/images/1504007020197892-d027d87e-0605-4acf-8240-222c581d27f1.JPG|https://thumbnail7.coupangcdn.com/thumbnails/remote/48x48ex/image/retail/images/1502950659806221-d21fc7c8-946d-4bdc-afca-8a012f664d8d.JPG|https://thumbnail8.coupangcdn.com/thumbnails/remote/48x48ex/image/retail/images/1481306797989112-cf90bbea-ceda-4616-b1ec-61e51f34d632.JPG,"유통기한: 2025-01-31 이거나 그 이후인 상품
사용대상: 반려동물용
총 용량: 1000ml
종류: 일반비누
로켓펫닥터: Y
쿠팡상품번호: 6728583769 - 15671174611",https://thumbnail9.coupangcdn.com/thumbnails/remote/q89/image/retail/images/6672503258108787-ce1a5e4f-39a8-4b4e-bfae-ed369f3d2b91.jpg|https://thumbnail8.coupangcdn.com/thumbnails/remote/q89/image/retail/images/7289734720445642-075146a3-d835-45ae-8519-f6576f943397.jpg|https://thumbnail10.coupangcdn.com/thumbnails/remote/q89/image/retail/images/2022/08/23/14/6/9554b0fd-6b26-4944-8a00-98a3ce6881a1.PNG
"피토틱스 콜린 이노시톨 60p, 150g, 1개",,"31,820원",헬스/건강식품|영양제|기타영양제|기타영양제,https://thumbnail8.coupangcdn.com/thumbnails/remote/48x48ex/image/retail/images/5746581209427699-be876852-3b4c-49af-a30b-bf7d2cbd7f26.jpg|https://thumbnail8.coupangcdn.com/thumbnails/remote/48x48ex/image/retail/images/7284332558823503-e02acc14-85cc-4fd2-8791-d726168924b8.jpg|https://thumbnail6.coupangcdn.com/thumbnails/remote/48x48ex/image/retail/images/7284332557928905-105740ab-fd30-45e2-a295-3e8f09d7b0d9.jpg,"소비기한(또는 유통기한): 2025-02-24 이거나 그 이후인 상품
개당 용량/중량/정: 150g
타입: 스틱
사용대상: 여성
총 중량: 150g
쿠팡상품번호: 6139270733 - 11763169940",https://thumbnail10.coupangcdn.com/thumbnails/remote/q89/image/retail/images/1546850209605462-9375cd0f-2bbe-4d17-8397-5013370c1e5c.jpg|https://thumbnail9.coupangcdn.com/thumbnails/remote/q89/image/retail/images/7285038302478854-b6ddeec2-c991-4918-b61b-fa72218f1b76.jpg|https://thumbnail9.coupangcdn.com/thumbnails/remote/q89/image/retail/images/813400391445594-631beef4-9ca2-4a98-8ddd-b1efcaff83aa.jpg
"경남제약헬스케어 케어플러스 글루타치온 필름 30p, 9.75g, 1개",,"23,900원",헬스/건강식품|영양제|기타영양제|기타영양제,https://thumbnail6.coupangcdn.com/thumbnails/remote/48x48ex/image/retail/images/2023/04/19/10/7/d1c5eaba-9280-4934-8827-af011f37a73a.jpg|https://thumbnail9.coupangcdn.com/thumbnails/remote/48x48ex/image/retail/images/2023/04/19/10/5/d4baf021-78bc-4372-80cd-d17e808fafc7.jpg|https://thumbnail7.coupangcdn.com/thumbnails/remote/48x48ex/image/retail/images/2023/04/19/10/9/01190c12-c353-4a78-85d1-7d339573b4d3.jpg|https://thumbnail10.coupangcdn.com/thumbnails/remote/48x48ex/image/retail/images/2023/04/19/10/3/99cd59de-d257-4f67-8dee-7498c368ecd7.jpg|https://thumbnail8.coupangcdn.com/thumbnails/remote/48x48ex/image/retail/images/2023/04/19/10/2/74cbc197-c9a8-4a74-b914-f4427848913f.jpg,"소비기한(또는 유통기한): 2025-06-05 이거나 그 이후인 상품
사용대상: 성인남녀공용
총 중량: 9.75g
총 수량: 1개
쿠팡상품번호: 7278667413 - 18578560153",https://thumbnail10.coupangcdn.com/thumbnails/remote/q89/image/retail/images/1546850209605462-9375cd0f-2bbe-4d17-8397-5013370c1e5c.jpg|https://thumbnail8.coupangcdn.com/thumbnails/remote/q89/image/retail/images/638452175881352-4e257fda-ffdf-405f-9aab-f4d7fb5de2bc.jpg|https://thumbnail6.coupangcdn.com/thumbnails/remote/q89/image/rs_quotation_api/ts6bnmvm/9d5cbc942deb4f34a38375cfc061c293.jpg|https://thumbnail8.coupangcdn.com/thumbnails/remote/q89/image/rs_quotation_api/akx8nxpp/338c70653fac4b1b870a8c9ac19008b4.jpg
